AGCnr,srcname,RADecpoint,wappname1,wappname2,wappname3,#pr,d/n,quad,cont,ord,Xsmo,rms,fit,W50,Werr,Vsys,Flux,SN,Wqual,Comment
311300,H215353.5+340423,215354.6+340425,wapp.20161120.a3064.0000,""" """,""" """,1,d,2,-5.52897,1,H3,1.44676,2P,114.57321,13.085806,4678.2954,0.81543462,8.6814951,Y,"Some huge spike around 1388 in the same board, around 7000 km/s what is it?? very choppy on right side emission, hard to fit"
311300,H215353.5+340423,215354.6+340425,wapp.20161120.a3064.0000,""" """,""" """,1,n,3,-6.32694,1,H3,1.46037,0,0,0,0,0,0,Y,
311300,H215353.5+340423,215354.6+340425,wapp.20161120.a3064.0000,""" """,""" """,1,n,1,-1.20811,2,H3,1.46645,0,0,0,0,0,0,Y,0
311300,H215353.5+340423,215354.6+340425,wapp.20161120.a3064.0000,""" """,""" """,1,n,4,-4.95241,3,H3,1.58481,0,0,0,0,0,0,Y,
11993,S222039.5+351320,222039.5+351320,wapp.20161117.a3064.0003,""" """,""" """,1,n,1,-13.9677,2,H3,1.18079,0,0,0,0,0,0,Y,
11993,S222039.5+351320,222039.5+351320,wapp.20161117.a3064.0003,""" """,""" """,1,d?,2,-12.52,3,H3,1.20255,0,0,0,0,0,0,U,"this could have been a signal but it is uncertain because it is so choppy, and couldnt measure the area around 5500 km/s"
11993,S222039.5+351320,222039.5+351320,wapp.20161117.a3064.0003,""" """,""" """,1,n,3,-15.5575,3,H3,1.16569,0,0,0,0,0,0,Y,
11993,S222039.5+351320,222039.5+351320,wapp.20161117.a3064.0003,""" """,""" """,1,n,4,-11.8997,2,H3,1.39448,0,0,0,0,0,0,Y,
322757,S222913.1+351824,222913.1+351824,wapp.20151128.a2982.0003,wapp.20151124.a2982.0002,""" """,2,n,2,-54.7388,3,H3,1.125,0,0,0,0,0,0,U,"There is still a big spike but it is in the negative direction a little under 7000 km/s, multiple spikes total of similar widths "
322757,S222913.1+351824,222913.1+351824,wapp.20151128.a2982.0003,wapp.20151124.a2982.0002,""" """,2,n,1,-33.1919,1,H3,0.842402,0,0,0,0,0,0,Y,pickedfirstorderisteadofrecomeendedfifth
322757,S222913.1+351824,222913.1+351824,wapp.20151128.a2982.0003,wapp.20151124.a2982.0002,""" """,2,n,3,-33.7321,3,H3,0.7268,0,0,0,0,0,0,Y,"noisy, sloping upward"
322757,S222913.1+351824,222913.1+351824,wapp.20151128.a2982.0003,wapp.20151124.a2982.0002,""" """,2,n,4,-33.4915,3,H3,0.900555,0,0,0,0,0,0,Y,
322526,S223302.6+352309,22332.6+352309,wapp.20151128.a2982.0004,wapp.20151124.a2982.0003,""" """,2,d,2,17.8522,0,H3,0.935378,2P,144.1381,4.5012338,6272.7174,0.77021407,11.307809,Y,"there are 2 peaks close together, but the one I measured is just a tiny bit bigger, maybe it's just noisy"
322526,S223302.6+352309,22332.6+352309,wapp.20151128.a2982.0004,wapp.20151124.a2982.0003,""" """,2,n,1,21.5508,1,H3,0.7582,0,0,0,0,0,0,Y,changed the order from fifth to first
322526,S223302.6+352309,22332.6+352309,wapp.20151128.a2982.0004,wapp.20151124.a2982.0003,""" """,2,n,3,18.5494,3,H3,0.689326,0,0,0,0,0,0,Y,noisy
322526,S223302.6+352309,22332.6+352309,wapp.20151128.a2982.0004,wapp.20151124.a2982.0003,""" """,2,n,4,22.4675,0,H3,0.861991,0,0,0,0,0,0,Y,
322531,S223308.4+352203,22338.4+352203,wapp.20151130.a2982.0006,""" """,""" """,1,d,2,7.67138,1,H3,1.08261,0,0,0,0,0,0,U,"2 or 3 separte emissions again!!!, possible megamaser??? @ z = .1467"
322531,S223308.4+352203,22338.4+352203,wapp.20151130.a2982.0006,""" """,""" """,1,n,3,3.16427,1,H3,1.06542,0,0,0,0,0,0,Y,very noisy
322531,S223308.4+352203,22338.4+352203,wapp.20151130.a2982.0006,""" """,""" """,1,n,1,6.00813,2,H3,1.05154,0,0,0,0,0,0,Y,0
322531,S223308.4+352203,22338.4+352203,wapp.20151130.a2982.0006,""" """,""" """,1,n,4,3.83719,2,H3,1.24006,0,0,0,0,0,0,Y,all interference is in the off direction
322717,S223733.3+353316,223733.3+353316,wapp.20151128.a2982.0006,wapp.20151124.a2982.0005,""" """,2,n,3,52.199,0,H3,0.956405,0,0,0,0,0,0,U,"8041.6635 possibly, very choppy/noisy spectrum "
322717,S223733.3+353316,223733.3+353316,wapp.20151128.a2982.0006,wapp.20151124.a2982.0005,""" """,2,n,1,53.5109,1,H3,0.892695,0,0,0,0,0,0,Y,"spike around 600 km/s in the on direction, I changed it from sixth to first order"
322717,S223733.3+353316,223733.3+353316,wapp.20151128.a2982.0006,wapp.20151124.a2982.0005,""" """,2,n,2,53.6975,1,H3,0.952333,0,0,0,0,0,0,Y,changed from seventh to first order
322717,S223733.3+353316,223733.3+353316,wapp.20151128.a2982.0006,wapp.20151124.a2982.0005,""" """,2,n,4,48.8952,2,H3,0.897424,0,0,0,0,0,0,Y,
322546,S223739.9+345323,223739.9+345323,wapp.20150903.a2982.0001,""" """,""" """,1,d,3,4.24476,1,H3,1.08625,2P,144.66311,5.4902599,8349.1331,0.32086746,4.1083484,Y,"perhaps a little too wide, could not select the right side region emission for the life of me"
322546,S223739.9+345323,223739.9+345323,wapp.20150903.a2982.0001,""" """,""" """,1,n,1,0.5780078,2,H3,1.00755,0,0,0,0,0,0,Y,
322546,S223739.9+345323,223739.9+345323,wapp.20150903.a2982.0001,""" """,""" """,1,n,2,1.71287,1,H3,1.06536,0,0,0,0,0,0,U,"some spike, but far too noisy to measure any of it "
322546,S223739.9+345323,223739.9+345323,wapp.20150903.a2982.0001,""" """,""" """,1,n,4,3.74363,2,H3,1.16828,0,0,0,0,0,0,Y,
322547,S223742.8+351857,223742.8+351857,wapp.20151128.a2982.0005,wapp.20151124.a2982.0004,""" """,2,n,3,-11.202,0,H3,0.782426,0,0,0,0,0,0,Y,"removed the GPS from the second file, and the second file was still very erratic, too choppy to confidently say any real signal"
322547,S223742.8+351857,223742.8+351857,wapp.20151128.a2982.0005,wapp.20151124.a2982.0004,""" """,2,n,1,-12.669,2,H3,0.781292,0,0,0,0,0,0,Y,
322547,S223742.8+351857,223742.8+351857,wapp.20151128.a2982.0005,wapp.20151124.a2982.0004,""" """,2,n,2,-12.3354,3,H3,0.999856,0,0,0,0,0,0,Y,"spike in the off direction around 7000 again, I changed it from fourth to third order"
322547,S223742.8+351857,223742.8+351857,wapp.20151128.a2982.0005,wapp.20151124.a2982.0004,""" """,2,n,4,-8.135,1,H3,0.951042,0,0,0,0,0,0,Y,
322553,S223858.2+340304,223858.2+340304, wapp.20151130.a2982.0005,wapp.20151124.a2982.0006,""" """,2,n,1,-13.6499,2,H3,0.698638,0,0,0,0,0,0,Y,spike at 600 km/s in the off direction
322553,S223858.2+340304,223858.2+340304, wapp.20151130.a2982.0005,wapp.20151124.a2982.0006,""" """,2,d,2,-15.6936,0,H3,0.699809,2P,196.15477,21.754008,7465.0774,1.040914,17.509749,Y,big peak compared to rest 
322553,S223858.2+340304,223858.2+340304, wapp.20151130.a2982.0005,wapp.20151124.a2982.0006,""" """,2,n,3,-18.4666,2,H3,0.923757,0,0,0,0,0,0,Y,take gps out of the second wappfile here
322553,S223858.2+340304,223858.2+340304, wapp.20151130.a2982.0005,wapp.20151124.a2982.0006,""" """,2,n,4,-12.1134,2,H3,0.819825,0,0,0,0,0,0,Y,
322564,S223909.4+335954,22399.4+335954,wapp.20151126.a2982.0004,wapp.20151115.a2982.0003,wapp.20151025.a2982.0010,3,d?,3,-11.896,0,H3,0.608747,0,0,0,0,0,0,U,"did not use the middle wappfile due to the overabundance of noisy versus the other two wappfiles, det at 8350??"
322564,S223909.4+335954,22399.4+335954,wapp.20151126.a2982.0004,wapp.20151115.a2982.0003,wapp.20151025.a2982.0010,3,n,1,-12.0936,1,H3,0.974182,0,0,0,0,0,0,Y,
322564,S223909.4+335954,22399.4+335954,wapp.20151126.a2982.0004,wapp.20151115.a2982.0003,wapp.20151025.a2982.0010,3,n,2,-12.8073,1,H3,0.971204,0,0,0,0,0,0,Y,i didnt take out the gps because the effect was so miniscule
322564,S223909.4+335954,22399.4+335954,wapp.20151126.a2982.0004,wapp.20151115.a2982.0003,wapp.20151025.a2982.0010,3,n,4,-17.1754,1,H3,1.00687,0,0,0,0,0,0,Y,take out gps 
323052,S223922.7+340207,223922.7+340207,wapp.20151025.a2982.0011,""" """,""" """,1,n,2,-2.87407,1,H3+B5,1.21713,0,0,0,0,0,0,U,"It dipped down an awful lot, I wonder if it was just some sort of noise that made it look bigger on the right edge"
323052,S223922.7+340207,223922.7+340207,wapp.20151025.a2982.0011,""" """,""" """,1,n,1,-0.687294,1,H3,1.0666,0,0,0,0,0,0,Y,
323052,S223922.7+340207,223922.7+340207,wapp.20151025.a2982.0011,""" """,""" """,1,n,3,-3.28882,0,H3,1.31703,0,0,0,0,0,0,U,"very choppy, poor baseline fit"
323052,S223922.7+340207,223922.7+340207,wapp.20151025.a2982.0011,""" """,""" """,1,n,4,-2.26716,1,H3,1.22162,0,0,0,0,0,0,N,way too crazy when you zoom in 
323106,S224119.6+344856,224119.6+344856,wapp.20161013.a3064.0012,""" """,""" """,1,n,3,-14.4639,1,H3,1.39863,0,0,0,0,0,0,Y,very noisy 
323106,S224119.6+344856,224119.6+344856,wapp.20161013.a3064.0012,""" """,""" """,1,n,1,-9.8616,1,H3,1.22763,0,0,0,0,0,0,Y,
323106,S224119.6+344856,224119.6+344856,wapp.20161013.a3064.0012,""" """,""" """,1,n,2,-12.4895,1,H3,1.35108,0,0,0,0,0,0,Y,very noisy
323106,S224119.6+344856,224119.6+344856,wapp.20161013.a3064.0012,""" """,""" """,1,n,4,-15.7999,2,H3,1.19023,0,0,0,0,0,0,N,
322586,S224137.7+344918,224137.7+344918,wapp.20151130.a2982.0007,""" """,""" """,1,d,3,-19.8326,1,H3,1.31732,2P,55.13,2.72,9789.95,0.601,10.285819,Y,"MAY BE GAUSSIAN, took out GPS"
322586,S224137.7+344918,224137.7+344918,wapp.20151130.a2982.0007,""" """,""" """,1,n,1,-14.8699,2,H3,0.956201,0,0,0,0,0,0,Y,
322586,S224137.7+344918,224137.7+344918,wapp.20151130.a2982.0007,""" """,""" """,1,n,2,-15.8302,1,H3,1.29745,0,0,0,0,0,0,Y,Took out GPS signal
322586,S224137.7+344918,224137.7+344918,wapp.20151130.a2982.0007,""" """,""" """,1,n,4,-16.2766,2,H3,1.04549,0,0,0,0,0,0,Y,way too much interference
323008,S224214.1+335848,224214.1+335848,wapp.20151107.a2982.0009,wapp.20151006.a2982.0004,""" """,2,n,2,-2.71672,0,H3,0.652748,0,0,0,0,0,0,U,seems like it is mostly noise 
323008,S224214.1+335848,224214.1+335848,wapp.20151107.a2982.0009,wapp.20151006.a2982.0004,""" """,2,n,1,-1.08184,2,H3,0.602139,0,0,0,0,0,0,Y,
323008,S224214.1+335848,224214.1+335848,wapp.20151107.a2982.0009,wapp.20151006.a2982.0004,""" """,2,n,3,-4.41254,2,H3,0.718218,0,0,0,0,0,0,Y,took out huge gps signal
323008,S224214.1+335848,224214.1+335848,wapp.20151107.a2982.0009,wapp.20151006.a2982.0004,""" """,2,n,4,-3.06763,1,H3,0.741808,0,0,0,0,0,0,Y,looks different from the rest of the board fours i have seen
322612,S224255.5+344436,224255.5+344436,wapp.20161029.a3064.0012,""" """,""" """,1,n,2,-0.995575,2,H3+B5,1.23225,0,0,0,0,0,0,U,"lots of noise, signal around 4700??"
322612,S224255.5+344436,224255.5+344436,wapp.20161029.a3064.0012,""" """,""" """,1,n,1,-4.67255,1,H3,1.11896,0,0,0,0,0,0,Y,
322612,S224255.5+344436,224255.5+344436,wapp.20161029.a3064.0012,""" """,""" """,1,n,3,-2.7707,1,H3,1.35344,0,0,0,0,0,0,Y,took out GPS
322612,S224255.5+344436,224255.5+344436,wapp.20161029.a3064.0012,""" """,""" """,1,n,4,1.59765,2,H3,1.15361,0,0,0,0,0,0,U,maybe this was too crazy to use
322579,S224323.0+344434,224323.0+344434,wapp.20151006.a2982.0005,""" """,""" """,1,d,2,-16.9117,2,H3,1.0817,2P,74.776162,2.1473788,6686.0704,0.20725484,3.6530014,U,"This was very noisy, so it may be crappy data who knows :P"
322579,S224323.0+344434,224323.0+344434,wapp.20151006.a2982.0005,""" """,""" """,1,n,1,-19.2909,1,H3,1.04799,0,0,0,0,0,0,Y,
322579,S224323.0+344434,224323.0+344434,wapp.20151006.a2982.0005,""" """,""" """,1,n,3,-20.8419,2,H3,1.10694,0,0,0,0,,0,Y,no GPS needed to be taken out
322579,S224323.0+344434,224323.0+344434,wapp.20151006.a2982.0005,""" """,""" """,1,n,4,-17.4445,2,H3,1.16556,0,0,0,0,0,0,U,radar looks a little different than normal in the first peak around 1.6*10^4
322635,S225910.9+342642,225910.9+342642,wapp.20150902.a2982.0001,""" """,""" """,1,d,1,-2.44783,2,H3,1.00281,0,0,0,0,0,0,U,could be a detection in the off around 5950 km/s
322635,S225910.9+342642,225910.9+342642,wapp.20150902.a2982.0001,""" """,""" """,1,n,2,-4.72757,2,H3,1.05598,0,0,0,0,0,0,U,looks like there could be a signal in the off direction but I don't know how to do that
322635,S225910.9+342642,225910.9+342642,wapp.20150902.a2982.0001,""" """,""" """,1,n,3,-0.64769,1,H3,1.07345,0,0,0,0,0,0,Y,very noisy
322635,S225910.9+342642,225910.9+342642,wapp.20150902.a2982.0001,""" """,""" """,1,n,4,-4.28092,0,H3,1.03203,0,0,0,0,0,0,Y,
336090,S230344.2+342024,230344.2+342024,wapp.20151126.a2982.0005,wapp.20151118.a2982.0005,""" """,2,n,2,-10.7105,0,H3,0.83521,0,0,0,0,0,0,U,"strange emission around 7000 km/s again, multiple peaks surrounding 4000 km/s, then after 7000 km/s"
336090,S230344.2+342024,230344.2+342024,wapp.20151126.a2982.0005,wapp.20151118.a2982.0005,""" """,2,n,1,-9.67537,1,H3,0.671757,0,0,0,0,0,0,Y,
336090,S230344.2+342024,230344.2+342024,wapp.20151126.a2982.0005,wapp.20151118.a2982.0005,""" """,2,n,3,-10.3529,0,H3,0.614799,0,0,0,0,0,0,Y,choppy
336090,S230344.2+342024,230344.2+342024,wapp.20151126.a2982.0005,wapp.20151118.a2982.0005,""" """,2,n,4,-10.1711,0,H3,0.84943,0,0,0,0,0,0,Y,board 4 looks different around 1.57*10^4 where it spikes up and then spikes down
335255,S230515.3+342514,230515.3+342514,wapp.20151130.a2982.0009,""" """,""" """,1,d,2,-198.004,3,H3,1.28082,2P,80.814291,15.596115,5945.4244,0.5842951,8.3665135,Y,"crazy downward slope when doing the baseline, large uncertainty in W50 measurement  "
335255,S230515.3+342514,230515.3+342514,wapp.20151130.a2982.0009,""" """,""" """,1,n,1,-175.398,1,H3,1.08669,0,0,0,0,0,0,Y,More wiggley than any other baselines of the other board 1 spectra
335255,S230515.3+342514,230515.3+342514,wapp.20151130.a2982.0009,""" """,""" """,1,n,3,-204.377,2,H3,1.14144,0,0,0,0,0,0,Y,downward slope 
335255,S230515.3+342514,230515.3+342514,wapp.20151130.a2982.0009,""" """,""" """,1,n,4,-216.573,2,H3,1.27592,0,0,0,0,0,0,U,
335311,S231146.0+342414,231146.0+342414,wapp.20150903.a2982.0003,""" """,""" """,1,n,2,-381.029,4,H3,1.44995,0,0,0,0,0,0,N,much too crazy to actually get anything from this 
335311,S231146.0+342414,231146.0+342414,wapp.20150903.a2982.0003,""" """,""" """,1,n,1,-375.003,1,H3,1.42472,0,0,0,0,0,0,Y,
335311,S231146.0+342414,231146.0+342414,wapp.20150903.a2982.0003,""" """,""" """,1,n,3,-380.277,1,H3,1.43492,0,0,0,0,0,0,Y,
335311,S231146.0+342414,231146.0+342414,wapp.20150903.a2982.0003,""" """,""" """,1,n,4,-384.208,1,H3,1.95822,0,0,0,0,0,0,N,huge rms
336092,S231621.5+341832,231621.5+341832,wapp.20161124.a3064.0006,wapp.20151118.a2982.0006,""" """,2,n,1,-4.78719,1,H3,0.593269,0,0,0,0,0,0,Y,there is a weird spike in the on direction around 1950 km/s
336092,S231621.5+341832,231621.5+341832,wapp.20161124.a3064.0006,wapp.20151118.a2982.0006,""" """,2,n,2,-6.0375,2,H3,0.775759,0,0,0,0,0,0,Y,no clear detection
336092,S231621.5+341832,231621.5+341832,wapp.20161124.a3064.0006,wapp.20151118.a2982.0006,""" """,2,n,3,-4.55939,0,H3,0.733887,0,0,0,0,0,0,Y,no clear detection
336092,S231621.5+341832,231621.5+341832,wapp.20161124.a3064.0006,wapp.20151118.a2982.0006,""" """,2,n,4,-6.73251,2,H3,0.681002,0,0,0,0,0,0,Y,
335256,S231828.9+342205,231828.9+342205,wapp.20151127.a2982.0007,""" """,""" """,1,d,2,29.8096,1,H3,1.22476,2P,86.404834,16.869964,5277.2423,0.27503325,3.9829954,U,"This was sloping crazily at an upward angle, but very clear detection "
335256,S231828.9+342205,231828.9+342205,wapp.20151127.a2982.0007,""" """,""" """,1,n,1,7.44732,2,H3,0.99682,0,0,0,0,0,0,Y,
335256,S231828.9+342205,231828.9+342205,wapp.20151127.a2982.0007,""" """,""" """,1,n,3,41.5322,2,H3,1.29173,0,0,0,0,0,0,U,sloping a lot
335256,S231828.9+342205,231828.9+342205,wapp.20151127.a2982.0007,""" """,""" """,1,n,4,45.4287,4,H3,1.23563,0,0,0,0,0,0,U,
336637,S232634.4+335450,232634.4+335450,wapp.20161028.a3064.0011,wapp.20161013.a3064.0018,""" """,2,n,3,-13.3556,0,H3,0.815425,0,0,0,0,0,0,U,"/gps performed, could be singal around 10,000 km/s but it is not certain"
336637,S232634.4+335450,232634.4+335450,wapp.20161028.a3064.0011,wapp.20161013.a3064.0018,""" """,2,n,1,-9.35663,1,H3,0.544007,0,0,0,0,0,0,Y,
336637,S232634.4+335450,232634.4+335450,wapp.20161028.a3064.0011,wapp.20161013.a3064.0018,""" """,2,n,2,-14.1879,1,H3,0.6382,0,0,0,0,0,0,Y,"remove gps, spike in off direction at 7000 km/s "
336637,S232634.4+335450,232634.4+335450,wapp.20161028.a3064.0011,wapp.20161013.a3064.0018,""" """,2,n,4,-11.8453,2,H3,0.632143,0,0,0,0,0,0,Y,
336639,S233126.5+335823,233126.5+335823,wapp.20161013.a3064.0019,""" """,""" """,1,n,2,170.654,2,H3,1.09011,0,0,0,0,0,0,U,"hard to tell if any detection is here, huge spike in the off at 6800 km/s"
336639,S233126.5+335823,233126.5+335823,wapp.20161013.a3064.0019,""" """,""" """,1,n,1,160.484,2,H3,1.14159,0,0,0,0,0,0,Y,
336639,S233126.5+335823,233126.5+335823,wapp.20161013.a3064.0019,""" """,""" """,1,n,3,182.056,3,H3,1.33629,0,0,0,0,0,0,Y,
336639,S233126.5+335823,233126.5+335823,wapp.20161013.a3064.0019,""" """,""" """,1,n,4,179.852,3,H3,1.25453,0,0,0,0,0,0,Y,
336705,S233409.4+343601,23349.4+343601,wapp.20161120.a3064.0010,wapp.20161028.a3064.0012,""" """,2,d,2,-4.60309,0,H3,0.729773,2P,81.325908,3.3227221,6528.8193,0.64774717,16.22724,Y,"This was close to the same 7000 km/s so I could just be seeing something of that, super clear detection "
336705,S233409.4+343601,23349.4+343601,wapp.20161120.a3064.0010,wapp.20161028.a3064.0012,""" """,2,n,1,-2.50269,2,H3,0.531613,0,0,0,0,0,0,Y,
336705,S233409.4+343601,23349.4+343601,wapp.20161120.a3064.0010,wapp.20161028.a3064.0012,""" """,2,n,3,-3.41557,1,H3,0.574646,0,0,0,0,0,0,Y,take out gps
336705,S233409.4+343601,23349.4+343601,wapp.20161120.a3064.0010,wapp.20161028.a3064.0012,""" """,2,n,4,-2.22436,0,H3,0.659993,0,0,0,0,0,0,Y,
335406,S233912.7+340020,233912.7+340020,wapp.20151125.a2982.0007,wapp.20151118.a2982.0008,""" """,2,d,3,-9.90525,0,H3,0.77844,2P,235.37461,5.8238227,8948.8135,0.26849767,3.7610154,Y,"Had to remove the gps to get a 2 horned profile, still choppy data"
335406,S233912.7+340020,233912.7+340020,wapp.20151125.a2982.0007,wapp.20151118.a2982.0008,""" """,2,n,1,-5.36057,2,H3,0.668004,0,0,0,0,0,0,Y,
335406,S233912.7+340020,233912.7+340020,wapp.20151125.a2982.0007,wapp.20151118.a2982.0008,""" """,2,n,2,-10.0291,4,H3,0.703905,0,0,0,0,0,0,Y,"remove gps, huge spike in the on direction around 7000 km/s"
335406,S233912.7+340020,233912.7+340020,wapp.20151125.a2982.0007,wapp.20151118.a2982.0008,""" """,2,n,4,-9.86007,4,H3,0.767635,0,0,0,0,0,0,Y,
336663,S233945.0+342418,233945.0+342418,wapp.20161015.a3064.0010,""" """,""" """,1,n,1,-17.9667,1,H3,0.993061,0,0,0,0,0,0,Y,The noise around the emission makes it impossible to use lbwmeasure
336663,S233945.0+342418,233945.0+342418,wapp.20161015.a3064.0010,""" """,""" """,1,n,2,-17.3196,1,H3,1.13376,0,0,0,0,0,0,Y,
336663,S233945.0+342418,233945.0+342418,wapp.20161015.a3064.0010,""" """,""" """,1,n,3,-20.0512,1,H3,1.12831,0,0,0,0,0,0,Y,no GPS taken out
336663,S233945.0+342418,233945.0+342418,wapp.20161015.a3064.0010,""" """,""" """,1,n,4,-12.9123,1,H3,1.20227,0,0,0,0,,0,Y,same large interference present in all of the boards
336665,S234237.9+344441,234237.9+344441,wapp.20161013.a3064.0021,""" """,""" """,1,n,1,-5.93565,0,H3,1.15453,0,0,0,0,0,0,Y,
336665,S234237.9+344441,234237.9+344441,wapp.20161013.a3064.0021,""" """,""" """,1,n,2,-2.75939,1,H3,1.16222,0,0,0,0,,0,U,
336665,S234237.9+344441,234237.9+344441,wapp.20161013.a3064.0021,""" """,""" """,1,n,3,-7.73157,2,H3,1.26867,0,0,0,0,0,0,,
336665,S234237.9+344441,234237.9+344441,wapp.20161013.a3064.0021,""" """,""" """,1,n,4,-6.60906,0,H3,1.24143,0,0,0,0,0,0,,
335440,S234328.6+335909,234328.6+335909,wapp.20151107.a2982.0014,wapp.20150903.a2982.0005,""" """,2,n,2,-4.41252,0,H3,0.700435,0,0,0,0,0,0,U,"this was one of them that had a nice profile to use, but together is very noisy w/o clear signal"
335440,S234328.6+335909,234328.6+335909,wapp.20151107.a2982.0014,wapp.20150903.a2982.0005,""" """,2,n,1,-4.77617,3,H3,0.627312,0,0,0,0,0,0,Y,
335440,S234328.6+335909,234328.6+335909,wapp.20151107.a2982.0014,wapp.20150903.a2982.0005,""" """,2,n,3,-0.89628,1,H3,0.903683,0,0,0,0,0,0,Y,changed the order from 0 to 1 but they had the same rms value
335440,S234328.6+335909,234328.6+335909,wapp.20151107.a2982.0014,wapp.20150903.a2982.0005,""" """,2,n,4,-4.44991,5,H3,0.700231,0,0,0,0,0,0,Y,
335587,S235050.9+360132,235050.9+360132,wapp.20161015.a3064.0011,""" """,""" """,1,d,3,-0.479929,2,H3,1.20572,2P,152.12071,11.083308,8459.5686,0.82435563,9.2732222,Y,"may be too thin, could not get everything to fit correctly on the right side, gps has no significant effect "
335587,S235050.9+360132,235050.9+360132,wapp.20161015.a3064.0011,""" """,""" """,1,n,1,-0.260914,1,H3,1.1688,0,0,0,0,0,0,Y,
335587,S235050.9+360132,235050.9+360132,wapp.20161015.a3064.0011,""" """,""" """,1,n,2,-3.52543,1,H3,1.18492,0,0,0,0,0,0,Y,"very noisy, no clear significant RFI"
335587,S235050.9+360132,235050.9+360132,wapp.20161015.a3064.0011,""" """,""" """,1,n,4,-9.41265,0,H3,1.43678,0,0,0,0,0,0,Y,going in the off direction
335262,S235741.3+360608,235741.3+360608,wapp.20161114.a3064.0011,wapp.20161028.a3064.0013,wapp.20161015.a3064.0012,3,d,2,-5.33589,0,H3,0.79146,2P,72.502973,6.5109032,4923.4861,0.26910092,6.5833573,Y,"only cut off a little bit along the right edge, huge emission spike around 7000km/s"
335262,S235741.3+360608,235741.3+360608,wapp.20161114.a3064.0011,wapp.20161028.a3064.0013,wapp.20161015.a3064.0012,3,n,1,-2.81966,1,H3,0.507226,0,0,0,0,0,0,Y,
335262,S235741.3+360608,235741.3+360608,wapp.20161114.a3064.0011,wapp.20161028.a3064.0013,wapp.20161015.a3064.0012,3,n,3,-8.00721,0,H3,0.553619,0,0,0,0,0,0,Y,"take gps out of board 1 and board two of the second wappfile, very noisy"
335262,S235741.3+360608,235741.3+360608,wapp.20161114.a3064.0011,wapp.20161028.a3064.0013,wapp.20161015.a3064.0012,3,n,4,-7.18441,3,H3,0.549148,0,0,0,0,0,0,,
104513,S000217.0+342252,000217.0+342252,wapp.20161013.a3064.0022,""" """,""" """,1,n,1,-5.56183,2,H3,1.03337,0,0,0,0,0,0,Y,yet again......another wappfile with oodles of crappy data
104513,S000217.0+342252,000217.0+342252,wapp.20161013.a3064.0022,""" """,""" """,1,n,2,-4.45808,1,H3,1.15837,0,0,0,0,0,0,Y,
104513,S000217.0+342252,000217.0+342252,wapp.20161013.a3064.0022,""" """,""" """,1,n,3,-3.53275,1,H3,1.09398,0,0,0,0,0,0,Y,
104513,S000217.0+342252,000217.0+342252,wapp.20161013.a3064.0022,""" """,""" """,1,n,4,-8.12174,0,H3,1.21449,0,0,0,0,0,0,Y,also in the off direction
105222,S000333.1+341217,000333.1+341217,wapp.20161120.a3064.0012,wapp.20161029.a3064.0017,""" """,2,d,2,0.698557,1,H3+B5,0.683096,2P,170.86847,5.7717163,7459.3597,0.30021551,6.9667581,U,Some of the left side got cut off with the fit
105222,S000333.1+341217,000333.1+341217,wapp.20161120.a3064.0012,wapp.20161029.a3064.0017,""" """,2,n,1,4.43449,0,H3,0.592014,0,0,0,0,0,0,Y,"when I did not zoom in, the rms value seemed to be closer to one "
105222,S000333.1+341217,000333.1+341217,wapp.20161120.a3064.0012,wapp.20161029.a3064.0017,""" """,2,n,3,2.42306,2,H3,0.643587,0,0,0,0,0,0,Y,the same signal that is visible in board 2 is seen here around 7.5*10^3 being its peak
105222,S000333.1+341217,000333.1+341217,wapp.20161120.a3064.0012,wapp.20161029.a3064.0017,""" """,2,n,4,-0.248639,3,H3,0.609488,0,0,0,0,0,0,Y,
105225,S000346.2+340611,000346.2+340611,wapp.20161029.a3064.0018,""" """,""" """,1,n,2,0.352767,1,H3,1.05195,0,0,0,0,0,0,U,again there was a huge spike around 7000
105225,S000346.2+340611,000346.2+340611,wapp.20161029.a3064.0018,""" """,""" """,1,n,1,2.94549,1,H3,1.00035,0,0,0,0,0,,Y,very good RMS value 
105225,S000346.2+340611,000346.2+340611,wapp.20161029.a3064.0018,""" """,""" """,1,n,3,3.03616,1,H3,1.1856,0,0,0,0,0,0,Y,
105225,S000346.2+340611,000346.2+340611,wapp.20161029.a3064.0018,""" """,""" """,1,n,4,-0.224142,0,H3,1.24121,0,0,0,0,0,0,Y,still in the off direction
104316,S000835.2+344948,000835.2+344948,wapp.20161029.a3064.0019,wapp.20161013.a3064.0023,""" """,2,d,2,-8.28961,0,H3,0.806982,2P,95.436071,3.0129853,6250.767,0.36248926,7.5806971,Y,"This was one of the clearest samples I have seen so far, very minor gps interference, spike around 7000 km/s"
104316,S000835.2+344948,000835.2+344948,wapp.20161029.a3064.0019,wapp.20161013.a3064.0023,""" """,2,n,1,-5.8445,4,H3,0.576238,0,0,0,0,0,0,Y,
104316,S000835.2+344948,000835.2+344948,wapp.20161029.a3064.0019,wapp.20161013.a3064.0023,""" """,2,n,3,-6.23842,2,H3,0.681593,0,0,0,0,0,0,U,"take gps out of the first wappfile, not the second one, it looks like a signal peak at 1.15*10^4, but it is insignificant bevause you can only see it in the  2nd wappfile"
104316,S000835.2+344948,000835.2+344948,wapp.20161029.a3064.0019,wapp.20161013.a3064.0023,""" """,2,n,4,-4.66912,1,H3,1.0612,0,0,0,0,0,0,U,I ignored the reccomended 4th order and chose to make it first order
105246,S003346.8+340241,003346.8+340241,wapp.20161121.a3064.0015,wapp.20161109.a3064.0012,""" """,2,n,2,8.00219,0,H3,0.652101,0,0,0,0,0,0,U,"very noisy, no clear detection to measure"
105246,S003346.8+340241,003346.8+340241,wapp.20161121.a3064.0015,wapp.20161109.a3064.0012,""" """,2,n,1,8.88494,0,H3,0.621994,0,0,0,0,0,0,Y,
105246,S003346.8+340241,003346.8+340241,wapp.20161121.a3064.0015,wapp.20161109.a3064.0012,""" """,2,n,3,7.25618,1,H3,0.622253,0,0,0,0,0,0,Y,take gps out of first file and second even though the gps only interferes minorly
105246,S003346.8+340241,003346.8+340241,wapp.20161121.a3064.0015,wapp.20161109.a3064.0012,""" """,2,n,4,8.03961,0,H3,0.686323,0,0,0,0,0,0,Y,
104518,S003642.3+360729,003642.3+360729,wapp.20151130.a2982.0014,""" """,""" """,1,d,2,-9.38712,2,H3,1.24895,2P,103.63732,7.8786049,4898.2608,0.37038118,4.8027083,U,"Looks like a detection still, but noisy around it "
104518,S003642.3+360729,003642.3+360729,wapp.20151130.a2982.0014,""" """,""" """,1,n,1,-2.36976,1,H3,1.10617,0,0,0,0,0,0,Y,
104518,S003642.3+360729,003642.3+360729,wapp.20151130.a2982.0014,""" """,""" """,1,n,3,-8.59717,1,H3,1.23868,0,0,0,0,0,0,Y,
104518,S003642.3+360729,003642.3+360729,wapp.20151130.a2982.0014,""" """,""" """,1,n,4,-9.88453,2,H3,1.20668,0,0,0,0,0,0,Y,
116195,S010138.6+344716,010138.6+344716,wapp.20161121.a3064.0017,wapp.20161012.a3064.0019,""" """,2,d,3,-19.1309,0,H3,0.715996,2P,57.237959,5.6743629,11331.895,0.32295427,9.9736409,Y,
116195,S010138.6+344716,010138.6+344716,wapp.20161121.a3064.0017,wapp.20161012.a3064.0019,""" """,2,n,1,-11.8742,1,H3,0.608602,0,0,0,0,0,0,Y,
116195,S010138.6+344716,010138.6+344716,wapp.20161121.a3064.0017,wapp.20161012.a3064.0019,""" """,2,n,2,-15.5528,1,H3,0.687822,0,0,0,0,0,0,Y,"minor effect of gps in first wappfile and second, very noisy "
116195,S010138.6+344716,010138.6+344716,wapp.20161121.a3064.0017,wapp.20161012.a3064.0019,""" """,2,n,4,-15.7653,1,H3,0.605529,0,0,0,0,0,0,Y,
115123,S010406.3+342510,01046.3+342510,wapp.20161013.a3064.0000,""" """,""" """,1,n,3,-12.9243,1,H3,1.07769,0,0,0,0,0,0,U,You can possibly measure it but it is a bit too noisy
115123,S010406.3+342510,01046.3+342510,wapp.20161013.a3064.0000,""" """,""" """,1,n,2,-8.07315,1,H3,1.0729,0,0,0,0,0,,U,could have been a detection but impossible to measure
115123,S010406.3+342510,01046.3+342510,wapp.20161013.a3064.0000,""" """,""" """,1,n,1,-8.25438,0,H3,1.09688,0,0,0,0,0,0,Y,
115123,S010406.3+342510,01046.3+342510,wapp.20161013.a3064.0000,""" """,""" """,1,n,4,-8.43727,4,H3,1.10652,0,0,0,0,0,0,Y,
115363,S010525.6+342216,010525.6+342216,wapp.20151128.a2982.0013,wapp.20151124.a2982.0014,wapp.20151107.a2982.0020,3,d,2,3.01563,0,H3,0.573774,2P,92.25311,8.8087333,4852.8843,0.27637718,8.268189,Y,"Wappfile 2 does not match, this only includes two correct files, S234328.6+335909 is incorrect, a bit loud around the 8000 km/s mark"
115363,S010525.6+342216,010525.6+342216,wapp.20151128.a2982.0013,wapp.20151124.a2982.0014,wapp.20151107.a2982.0020,3,n,1,-0.510584,1,H3,0.591588,0,0,0,0,0,0,Y,this is one of the only ones in which I have seen the milky way in the off direction 
115363,S010525.6+342216,010525.6+342216,wapp.20151128.a2982.0013,wapp.20151124.a2982.0014,wapp.20151107.a2982.0020,3,n,3,0.577633,1,H3,0.630362,0,0,0,0,0,0,Y,very noisy
115363,S010525.6+342216,010525.6+342216,wapp.20151128.a2982.0013,wapp.20151124.a2982.0014,wapp.20151107.a2982.0020,3,n,4,-2.15961,2,H3,0.683617,0,0,0,0,0,0,Y,
115367,S010550.5+344015,010550.5+344015,wapp.20151025.a2982.0024,""" """,""" """,1,n,3,-7.04887,3,H3,1.14276,0,0,0,0,0,0,U,"pretty noisy, impossible to tell if there is a singal around 10400 km/s in the on or one around 8600 in the off"
115367,S010550.5+344015,010550.5+344015,wapp.20151025.a2982.0024,""" """,""" """,1,n,1,-8.8624,2,H3,1.0635,0,0,0,0,0,0,Y,
115367,S010550.5+344015,010550.5+344015,wapp.20151025.a2982.0024,""" """,""" """,1,n,2,-11.214,1,H3,1.1301,0,0,0,0,0,0,U,it could have a signal and I oculd have been wrong about board 3 having one
115367,S010550.5+344015,010550.5+344015,wapp.20151025.a2982.0024,""" """,""" """,1,n,4,-6.44311,0,H3,1.02926,0,0,0,0,0,0,Y,
115124,S010720.0+344056,010720.0+344056,wapp.20161023.a3064.0016,""" """,""" """,1,n,1,7.88357,3,H3,1.37766,0,0,0,0,0,0,Y,very choppy
115124,S010720.0+344056,010720.0+344056,wapp.20161023.a3064.0016,""" """,""" """,1,n,2,7.1839,3,H3,1.46855,0,0,0,0,0,0,U,could have has signifcant data but it was much too choppy to tell
115124,S010720.0+344056,010720.0+344056,wapp.20161023.a3064.0016,""" """,""" """,1,n,3,3.80142,1,H3,1.38989,0,0,0,0,0,0,U,choppy again and ^ same
115124,S010720.0+344056,010720.0+344056,wapp.20161023.a3064.0016,""" """,""" """,1,n,4,-7.58274,3,H3,1.8541,0,0,0,0,0,0,N,
115374,S010909.5+345655,01099.5+345655,wapp.20151025.a2982.0025,""" """,""" """,1,d,3,-1.645,1,H3,1.20686,2P,175.2196,6.497991,10316.309,0.64771481,6.8028425,Y,Some of the signal was unclear
115374,S010909.5+345655,01099.5+345655,wapp.20151025.a2982.0025,""" """,""" """,1,n,1,1.99403,3,H3,1.13604,0,0,0,0,0,0,Y,
115374,S010909.5+345655,01099.5+345655,wapp.20151025.a2982.0025,""" """,""" """,1,n,2,0.0988759,0,H3,1.11973,0,0,0,0,0,0,Y,
115374,S010909.5+345655,01099.5+345655,wapp.20151025.a2982.0025,""" """,""" """,1,n,4,4.88674,3,H3,1.19119,0,0,0,0,0,0,Y,
115378,S010939.1+352304,010939.1+352304,wapp.20151128.a2982.0014,wapp.20151124.a2982.0015,""" """,2,n,2,1.41144,0,H3,0.791486,0,0,0,0,0,0,N,very noisy
115378,S010939.1+352304,010939.1+352304,wapp.20151128.a2982.0014,wapp.20151124.a2982.0015,""" """,2,n,1,4.25935,1,H3,0.707179,0,0,0,0,0,0,Y,
115378,S010939.1+352304,010939.1+352304,wapp.20151128.a2982.0014,wapp.20151124.a2982.0015,""" """,2,n,3,3.4208,2,H3,0.889116,0,0,0,0,0,0,Y,"take gps out of the first wappfile, very curvy"
115378,S010939.1+352304,010939.1+352304,wapp.20151128.a2982.0014,wapp.20151124.a2982.0015,""" """,2,n,4,1.96098,2,H3,0.808124,0,0,0,0,0,0,Y,
116208,S011112.4+344157,011112.4+344157,wapp.20161115.a3064.0017,wapp.20161023.a3064.0017,""" """,2,d,2,11.8875,0,H3,0.631001,2P,49.683822,4.2569547,4933.7656,0.25895033,9.5987506,Y,"take gps out of the first and second, the second wappfile is much more erratic than the first one "
116208,S011112.4+344157,011112.4+344157,wapp.20161115.a3064.0017,wapp.20161023.a3064.0017,""" """,2,n,1,12.6957,2,H3,0.741992,0,0,0,0,0,0,Y,
116208,S011112.4+344157,011112.4+344157,wapp.20161115.a3064.0017,wapp.20161023.a3064.0017,""" """,2,n,3,10.5671,1,H3,0.84037,0,0,0,0,0,0,Y,take gps out of the 1st wappfile and 2nd one
116208,S011112.4+344157,011112.4+344157,wapp.20161115.a3064.0017,wapp.20161023.a3064.0017,""" """,2,n,4,12.9724,0,H3,0.851147,0,0,0,0,0,0,Y,
116265,S011129.3+335114,011129.3+335114,wapp.20161110.a3064.0019,""" """,""" """,1,n,1,-5.12013,2,H3,1.00138,0,0,0,0,0,0,Y,0
116265,S011129.3+335114,011129.3+335114,wapp.20161110.a3064.0019,""" """,""" """,1,n,2,-5.5431,1,H3,1.11542,0,0,0,0,0,0,Y,very choppy
116265,S011129.3+335114,011129.3+335114,wapp.20161110.a3064.0019,""" """,""" """,1,n,3,-6.95291,1,H3,1.17351,0,0,0,0,0,0,Y, very choppy again
116265,S011129.3+335114,011129.3+335114,wapp.20161110.a3064.0019,""" """,""" """,1,n,4,-11.202,2,H3,1.2113,0,0,0,0,0,0,Y,
115126,S011256.0+345922,011256.0+345922,wapp.20151118.a2982.0015,""" """,""" """,1,d,3,-4.92386,0,H3,1.07735,2P,128.74019,5.9093323,9266.7023,0.50334737,6.8883818,Y,
115126,S011256.0+345922,011256.0+345922,wapp.20151118.a2982.0015,""" """,""" """,1,n,1,-4.49196,3,H3,1.05605,0,0,0,0,0,0,Y,
115126,S011256.0+345922,011256.0+345922,wapp.20151118.a2982.0015,""" """,""" """,1,n,2,-6.95627,1,H3,0.995897,0,0,0,0,0,0,Y,
115126,S011256.0+345922,011256.0+345922,wapp.20151118.a2982.0015,""" """,""" """,1,n,4,-3.67252,5,H3,1.04528,0,0,0,0,0,0,Y,
115570,S011631.7+341052,011631.7+341052,wapp.20151127.a2982.0017,""" """,""" """,1,d,3,-5.25162,1,H3,0.988929,2P,268.90389,6.970281,9038.6474,0.69548551,7.1744835,Y,"noisy, but clear 2 horned profile"
115570,S011631.7+341052,011631.7+341052,wapp.20151127.a2982.0017,""" """,""" """,1,n,1,-3.21226,2,H3,0.947308,0,0,0,0,0,0,Y,
115570,S011631.7+341052,011631.7+341052,wapp.20151127.a2982.0017,""" """,""" """,1,n,2,-5.00819,2,H3,1.00853,0,0,0,0,0,0,Y,"this is extremely noisy, if you ever wanted to measure anything you would have to smooth it out"
115570,S011631.7+341052,011631.7+341052,wapp.20151127.a2982.0017,""" """,""" """,1,n,4,0.106173,4,H3,1.01037,0,0,0,0,0,0,Y,
115571,S011810.3+342246,011810.3+342246,wapp.20151126.a2982.0017,""" """,""" """,1,d,2,-7.80471,1,H3,1.01309,2P,126.6542,3.0389123,4918.7515,0.69976142,10.118865,Y,very clear detection 
115571,S011810.3+342246,011810.3+342246,wapp.20151126.a2982.0017,""" """,""" """,1,n,1,-7.15237,1,H3,1.05436,0,0,0,0,0,0,Y,
115571,S011810.3+342246,011810.3+342246,wapp.20151126.a2982.0017,""" """,""" """,1,n,3,-9.77871,1,H3,1.05058,0,0,0,0,0,0,Y,
115571,S011810.3+342246,011810.3+342246,wapp.20151126.a2982.0017,""" """,""" """,1,n,4,-10.3705,0,H3,1.04843,0,0,0,0,0,0,Y,
115895,S011844.0+335210,011844.0+335210,wapp.20151128.a2982.0018,""" """,""" """,1,n,1,-2.52021,1,H3,0.953273,0,0,0,0,0,0,Y,0
115895,S011844.0+335210,011844.0+335210,wapp.20151128.a2982.0018,""" """,""" """,1,n,2,-3.36729,0,H3,1.00566,0,0,0,0,0,0,Y,
115895,S011844.0+335210,011844.0+335210,wapp.20151128.a2982.0018,""" """,""" """,1,n,3,0.79931,1,H3,0.932305,0,0,0,0,0,0,Y,
115895,S011844.0+335210,011844.0+335210,wapp.20151128.a2982.0018,""" """,""" """,1,n,4,-3.94301,3,H3,1.00887,0,0,0,0,0,0,Y,
115410,S011900.9+344031,01190.9+344031,wapp.20161124.a3064.0017,wapp.20151107.a2982.0021,""" """,2,d,2,1.83072,0,H3,0.730716,2P,112.0627,4.3655132,3904.1998,0.35596348,8.0350341,U,"Could this have been some known RFI that interferes with data, still noisy"
115410,S011900.9+344031,01190.9+344031,wapp.20161124.a3064.0017,wapp.20151107.a2982.0021,""" """,2,n,1,1.33315,2,H3,0.8477,0,0,0,0,0,0,Y,
115410,S011900.9+344031,01190.9+344031,wapp.20161124.a3064.0017,wapp.20151107.a2982.0021,""" """,2,n,3,-2.15435,1,H3,0.76758,0,0,0,0,0,0,Y,
115410,S011900.9+344031,01190.9+344031,wapp.20161124.a3064.0017,wapp.20151107.a2982.0021,""" """,2,n,4,-1.86988,1,H3,0.780388,0,0,0,0,0,0,Y,
115572,S011928.0+353818,011928.0+353818,wapp.20151127.a2982.0018,""" """,""" """,1,d,2,-9.65881,2,H3,1.14808,2P,83.37198,13.435302,4796.5098,0.27957112,4.3969357,U,"The right edge was hard to fit because it did not include everything, GPS has a minimal effect on the spectra, plus pretty noisy"
115572,S011928.0+353818,011928.0+353818,wapp.20151127.a2982.0018,""" """,""" """,1,n,1,-8.44012,1,H3,1.05127,0,0,0,0,0,0,Y,
115572,S011928.0+353818,011928.0+353818,wapp.20151127.a2982.0018,""" """,""" """,1,n,3,-13.9597,0,H3,1.11836,0,0,0,0,0,0,Y,"gps taken out, super noisy especially around 1.1*10^4 km/s"
115572,S011928.0+353818,011928.0+353818,wapp.20151127.a2982.0018,""" """,""" """,1,n,4,-9.2289,0,H3,1.17356,0,0,0,0,0,0,Y,
115798,S012051.8+345217,012051.8+345217,wapp.20151118.a2982.0016,""" """,""" """,1,n,1,-7.10034,1,H3,1.01623,0,0,0,0,0,0,Y,0
115798,S012051.8+345217,012051.8+345217,wapp.20151118.a2982.0016,""" """,""" """,1,n,2,-9.28666,2,H3,1.10007,0,0,0,0,0,0,Y,noisy
115798,S012051.8+345217,012051.8+345217,wapp.20151118.a2982.0016,""" """,""" """,1,n,3,-6.97157,0,H3,1.01163,0,0,0,0,0,0,Y,
115798,S012051.8+345217,012051.8+345217,wapp.20151118.a2982.0016,""" """,""" """,1,n,4,-1.58744,1,H3,1.03914,0,0,0,0,0,0,Y,
879,S012059.8+341455,012059.8+341455,wapp.20161024.a3064.0024,""" """,""" """,1,n,2,0.57582,1,H3,1.0958,2P,0,0,0,0,0,N,"Could not fit the left edge correctly because of poor data quality, no real two horned profile but some sort of spike "
879,S012059.8+341455,012059.8+341455,wapp.20161024.a3064.0024,""" """,""" """,1,n,1,-2.96505,1,H3,1.02981,0,0,0,0,0,0,Y,
879,S012059.8+341455,012059.8+341455,wapp.20161024.a3064.0024,""" """,""" """,1,n,3,-6.03292,1,H3,1.14675,0,0,0,0,0,0,Y,
879,S012059.8+341455,012059.8+341455,wapp.20161024.a3064.0024,""" """,""" """,1,n,4,-2.091,2,H3,1.07107,0,0,0,0,0,0,Y,
115799,S012113.9+340055,012113.9+340055,wapp.20151025.a2982.0026,""" """,""" """,1,d,3,-5.11799,1,H3,1.19111,2P,49.99202,7.52023,9761.9361,0.15014422,2.9823558,N,"very poor fit, multiple parts of the spectrum could be considered a detection"
115799,S012113.9+340055,012113.9+340055,wapp.20151025.a2982.0026,""" """,""" """,1,n,1,-4.66437,1,H3,1.15468,0,0,0,0,0,0,Y,
115799,S012113.9+340055,012113.9+340055,wapp.20151025.a2982.0026,""" """,""" """,1,n,2,-6.00634,0,H3,1.20692,0,0,0,0,0,0,Y,
115799,S012113.9+340055,012113.9+340055,wapp.20151025.a2982.0026,""" """,""" """,1,n,4,-1.71007,3,H3,1.14375,0,0,0,0,0,0,Y,
115420,S012248.4+343519,012248.4+343519,wapp.20151115.a2982.0016,wapp.20151025.a2982.0027,""" """,2,n,2,-3.70217,0,H3,0.864872,,,,,,,U,"way too much noise that looks like 2 horned fit, simialr spike close to 7000 km/s again"
115420,S012248.4+343519,012248.4+343519,wapp.20151115.a2982.0016,wapp.20151025.a2982.0027,""" """,2,n,1,0.608651,0,H3,0.704033,0,0,0,0,0,0,Y,
115420,S012248.4+343519,012248.4+343519,wapp.20151115.a2982.0016,wapp.20151025.a2982.0027,""" """,2,n,3,-4.86951,2,H3,0.779747,0,0,0,0,0,0,Y,very choppy
115420,S012248.4+343519,012248.4+343519,wapp.20151115.a2982.0016,wapp.20151025.a2982.0027,""" """,2,n,4,-2.59179,2,H3,0.86828,0,0,0,0,0,0,Y,
110268,S012248.7+335806,012248.7+335806,wapp.20151127.a2982.0019,""" """,""" """,1,d,2,-1.56876,1,H3,0.978868,2P,292.99402,7.6013271,5516.0413,0.87789777,8.6383176,Y,"huge w50, some spike in the off as well by 6800 km/s"
110268,S012248.7+335806,012248.7+335806,wapp.20151127.a2982.0019,""" """,""" """,1,n,1,-0.848066,1,H3,0.969721,0,0,0,0,0,0,U,i did not use the reccomended fit for the baseline which was 2nd order
110268,S012248.7+335806,012248.7+335806,wapp.20151127.a2982.0019,""" """,""" """,1,n,3,-3.61239,1,H3,0.984896,0,0,0,0,0,0,Y,
110268,S012248.7+335806,012248.7+335806,wapp.20151127.a2982.0019,""" """,""" """,1,n,4,-6.1209,0,H3,1.08016,0,0,0,0,0,0,Y,
115578,S012424.5+340239,012424.5+340239,wapp.20151127.a2982.0020,""" """,""" """,1,d,2,-4.98256,1,H3,1.00862,2P,166.39299,5.0518528,5810.6186,0.57926877,7.3404323,Y,"GPS has a small effect on this spectra and makes it look steeper, clear profile, similar spike at 6800 km/s in the off as one above "
115578,S012424.5+340239,012424.5+340239,wapp.20151127.a2982.0020,""" """,""" """,1,n,1,-7.07074,2,H3,0.964239,0,0,0,0,0,0,Y,
115578,S012424.5+340239,012424.5+340239,wapp.20151127.a2982.0020,""" """,""" """,1,n,3,-9.67578,1,H3,1.08727,0,0,0,0,0,0,Y,gps taken out
115578,S012424.5+340239,012424.5+340239,wapp.20151127.a2982.0020,""" """,""" """,1,n,4,-6.69956,3,H3,1.15605,0,0,0,0,0,0,Y,
116272,S012705.7+343526,01275.7+343526,wapp.20161029.a3064.0025,""" """,""" """,1,d?,2,-3.09202,1,H3,1.13978,0,0,0,0,0,0,N,"there was a detection in the off direction, so it does not work when you try to use lbwmeasure "
116272,S012705.7+343526,01275.7+343526,wapp.20161029.a3064.0025,""" """,""" """,1,n,1,-1.36275,2,H3,1.04544,0,0,0,0,0,0,Y,
116272,S012705.7+343526,01275.7+343526,wapp.20161029.a3064.0025,""" """,""" """,1,n,3,-2.21699,1,H3,1.31349,0,0,0,0,0,0,Y,took out the gps 
116272,S012705.7+343526,01275.7+343526,wapp.20161029.a3064.0025,""" """,""" """,1,n,4,-3.66443,2,H3,1.15868,0,0,0,0,0,0,Y,
115462,S012815.7+340749,012815.7+340749,wapp.20151126.a2982.0019,wapp.20151126.a2982.0018,wapp.20151118.a2982.0017,3,n,2,-5.48348,0,H3,0.477856,0,0,0,0,0,0,U,"could be not as wide as recorded cue to trouble fitting it, very poor rms!! too much noise"
115462,S012815.7+340749,012815.7+340749,wapp.20151126.a2982.0019,wapp.20151126.a2982.0018,wapp.20151118.a2982.0017,3,n,1,-4.49049,1,H3,0.508867,0,0,0,0,0,0,Y,
115462,S012815.7+340749,012815.7+340749,wapp.20151126.a2982.0019,wapp.20151126.a2982.0018,wapp.20151118.a2982.0017,3,n,3,-5.83674,1,H3,0.605148,0,0,0,0,0,0,Y,"take the gps out of the second wappfile, very noisy"
115462,S012815.7+340749,012815.7+340749,wapp.20151126.a2982.0019,wapp.20151126.a2982.0018,wapp.20151118.a2982.0017,3,n,4,-5.03442,1,H3,0.554704,0,0,0,0,0,0,Y,
115470,S013102.0+340928,01312.0+340928,wapp.20151128.a2982.0019,""" """,""" """,1,d,2,-6.63391,1,H3,1.07714,2P,136.58845,4.7827993,4681.3755,0.59141462,7.7455269,Y,"very clear, i did it a second time because of the effect of the gps, and i discovered the gps had very little effect on the measurements"
115470,S013102.0+340928,01312.0+340928,wapp.20151128.a2982.0019,""" """,""" """,1,n,1,-3.12226,0,H3,0.996025,0,0,0,0,0,0,Y,
115470,S013102.0+340928,01312.0+340928,wapp.20151128.a2982.0019,""" """,""" """,1,n,3,-3.23502,0,H3,1.1319,0,0,0,0,0,0,Y,took out gps
115470,S013102.0+340928,01312.0+340928,wapp.20151128.a2982.0019,""" """,""" """,1,n,4,-1.6713,0,H3,1.19134,0,0,0,0,0,0,Y,"most board 4s look the same, this one looks a little different, taking away the gps still makes it look different "
115574,S013515.9+345651,013515.9+345651,wapp.20151128.a2982.0020,""" """,""" """,1,d,2,-3.24258,1,H3,1.08446,2P,83.623094,5.4421167,4032.9893,0.50627539,8.4168451,Y,very clear 2 horned profile 
115574,S013515.9+345651,013515.9+345651,wapp.20151128.a2982.0020,""" """,""" """,1,n,1,-6.188706,2,H3,0.996225,0,0,0,0,0,0,Y,
115574,S013515.9+345651,013515.9+345651,wapp.20151128.a2982.0020,""" """,""" """,1,n,3,-5.94665,1,H3,1.07166,0,0,0,0,0,0,Y,
115574,S013515.9+345651,013515.9+345651,wapp.20151128.a2982.0020,""" """,""" """,1,n,4,-4.19981,4,H3,1.06844,0,0,0,0,0,0,Y,looks different a little
115579,S014316.9+352803,014316.9+352803,wapp.20151126.a2982.0020,""" """,""" """,1,d,2,-10.798,1,H3,1.07041,2P,119.22062,3.6944564,5055.0468,0.62384088,8.8000516,U,"it looks as if there may be 2 signals, one in the one and a wider one in the off, of course I did the one in the on"
115579,S014316.9+352803,014316.9+352803,wapp.20151126.a2982.0020,""" """,""" """,1,n,1,-6.95387,1,H3,1.02541,0,0,0,0,0,0,Y,
115579,S014316.9+352803,014316.9+352803,wapp.20151126.a2982.0020,""" """,""" """,1,n,3,-12.8292,0,H3,1.20676,0,0,0,0,0,0,Y,
115579,S014316.9+352803,014316.9+352803,wapp.20151126.a2982.0020,""" """,""" """,1,n,4,-12.3283,1,H3,1.17218,0,0,0,0,0,0,Y,
115580,S014600.2+345235,01460.2+345235,wapp.20151126.a2982.0021,""" """,""" """,1,d,2,-8.79052,1,H3,0.97155,2P,94.582566,4.8681456,4690.7334,0.43239664,7.5448118,Y,"good detection, but what is going on in the off at 5200 km/s"
115580,S014600.2+345235,01460.2+345235,wapp.20151126.a2982.0021,""" """,""" """,1,n,1,-6.33169,1,H3,1.04547,0,0,0,0,0,0,Y,
115580,S014600.2+345235,01460.2+345235,wapp.20151126.a2982.0021,""" """,""" """,1,n,3,-5.21191,0,H3,1.01529,0,0,0,0,0,0,Y,
115580,S014600.2+345235,01460.2+345235,wapp.20151126.a2982.0021,""" """,""" """,1,n,4,-10.0857,1,H3,1.0728,0,0,0,0,0,0,Y,
115877,S015203.6+335950,01523.6+335950,wapp.20151128.a2982.0021,""" """,""" """,1,n,1,2.71931,1,H3,0.989588,0,0,0,0,0,0,0,
115877,S015203.6+335950,01523.6+335950,wapp.20151128.a2982.0021,""" """,""" """,1,d?,2,-1.3257,2,H3,0.993628,0,0,0,0,0,0,Y,"There is definitely a detection but it is in the off direction so I cannot measure it, i am guessing it is about 4600 km/s"
115877,S015203.6+335950,01523.6+335950,wapp.20151128.a2982.0021,""" """,""" """,1,n,3,0.606669,1,H3,1.00558,0,0,0,0,0,0,Y,i changed the order from 0 to 1
115877,S015203.6+335950,01523.6+335950,wapp.20151128.a2982.0021,""" """,""" """,1,n,4,-1.42877,3,H3,1.01058,0,0,0,0,0,0,Y,
115876,S015203.8+340213,01523.8+340213,wapp.20151128.a2982.0022,wapp.20151124.a2982.0021,""" """,2,n,1,3.67405,2,H3,0.633011,0,0,0,0,0,0,Y,
115876,S015203.8+340213,01523.8+340213,wapp.20151128.a2982.0022,wapp.20151124.a2982.0021,""" """,2,d?,2,3.20438,1,H3,0.732639,0,0,0,0,0,0,Y,"took out gps, and there is a detection but I cannot measure it because he is the off direction again, i am guessing it is about 4600 km/s again, coincidnece to the one above?? "
115876,S015203.8+340213,01523.8+340213,wapp.20151128.a2982.0022,wapp.20151124.a2982.0021,""" """,2,n,3,3.77332,1,H3,0.754886,0,0,0,0,0,0,Y,took out gps 
115876,S015203.8+340213,01523.8+340213,wapp.20151128.a2982.0022,wapp.20151124.a2982.0021,""" """,2,n,4,2.4281,3,H3,0.786396,0,0,0,0,0,0,Y,
124883,S021924.5+360049,021924.5+360049,wapp.20151128.a2982.0023,""" """,""" """,1,d,2,-16.2901,1,H3,1.17626,2P,131.93829,8.1313961,6727.5419,0.50473603,6.1590004,U,very choopy/noisy but still a signal to be easily seen
124883,S021924.5+360049,021924.5+360049,wapp.20151128.a2982.0023,""" """,""" """,1,n,1,-11.6923,1,H3,1.14799,0,0,0,0,0,0,U,it looks like there could almost be a detection in the off direction when looking at board one around 600 km/s
124883,S021924.5+360049,021924.5+360049,wapp.20151128.a2982.0023,""" """,""" """,1,n,3,-13.2622,1,H3,1.22155,0,0,0,0,0,0,Y,
124883,S021924.5+360049,021924.5+360049,wapp.20151128.a2982.0023,""" """,""" """,1,n,4,17.4305,0,H3,1.15625,0,0,0,0,0,0,Y,weird looking 
124887,S022935.1+341344,022935.1+341344,wapp.20161124.a3064.0023,wapp.20151127.a2982.0025,""" """,2,d,2,-14.7402,0,H3,0.698658,2P,78.983465,9.8609179,3309.9483,0.20415821,5.4208543,U,hard to get a good rms. top of the detection gets a little cut off
124887,S022935.1+341344,022935.1+341344,wapp.20161124.a3064.0023,wapp.20151127.a2982.0025,""" """,2,n,1,-10.1799,2,H3,0.622752,0,0,0,0,0,0,Y,
124887,S022935.1+341344,022935.1+341344,wapp.20161124.a3064.0023,wapp.20151127.a2982.0025,""" """,2,n,3,-12.9168,1,H3,0.622783,0,0,0,0,0,0,Y,
124887,S022935.1+341344,022935.1+341344,wapp.20161124.a3064.0023,wapp.20151127.a2982.0025,""" """,2,n,4,-12.6472,3,H3,0.715936,0,0,0,0,0,0,Y,
124897,S023825.4+355139,023825.4+355139,wapp.20151128.a2982.0024,""" """,""" """,1,d,2,-1.31973,0,H3,1.15288,2P,134.96689,12.843107,5094.0059,0.44701077,5.5024104,U,a lot of noise but still noticeable detection
124897,S023825.4+355139,023825.4+355139,wapp.20151128.a2982.0024,""" """,""" """,1,n,1,-1.4189,2,H3,1.05103,0,0,0,0,0,0,Y,
124897,S023825.4+355139,023825.4+355139,wapp.20151128.a2982.0024,""" """,""" """,1,n,3,-4.69278,1,H3,1.09193,0,0,0,0,0,0,Y,
124897,S023825.4+355139,023825.4+355139,wapp.20151128.a2982.0024,""" """,""" """,1,n,4,-9.32151,2,H3,1.18469,0,0,0,0,0,0,Y,
124610,S024619.6+335513,024619.6+335513,wapp.20161012.a3064.0008,""" """,""" """,1,n,1,-12.3999,3,H3,1.0131,0,0,0,0,0,0,Y,
124610,S024619.6+335513,024619.6+335513,wapp.20161012.a3064.0008,""" """,""" """,1,n,2,-17.2128,0,H3,1.47304,0,0,0,0,0,0,Y,took out the gps interference
124610,S024619.6+335513,024619.6+335513,wapp.20161012.a3064.0008,""" """,""" """,1,n,3,-17.5101,3,H3,1.36682,0,0,0,0,0,0,Y,took out the gps interference again
124610,S024619.6+335513,024619.6+335513,wapp.20161012.a3064.0008,""" """,""" """,1,n,4,-16.9441,2,H3,1.11167,0,0,0,0,0,0,Y,
124611,S024715.6+335932,024715.6+335932,wapp.20151130.a2982.0024,""" """,""" """,1,d,3,0.554475,0,H3,1.04816,2P,236.09182,2.2455252,8518.795,1.6685966,17.331792,Y,"this was not a result of GPS like I originally thought, very wide as well, one of the more visible detections"
124611,S024715.6+335932,024715.6+335932,wapp.20151130.a2982.0024,""" """,""" """,1,n,1,-1.64128,2,H3,0.956986,0,0,0,0,0,0,Y,
124611,S024715.6+335932,024715.6+335932,wapp.20151130.a2982.0024,""" """,""" """,1,n,2,0.755673,3,H3,1.01231,0,0,0,0,0,0,Y,spike close to 7000 km/s
124611,S024715.6+335932,024715.6+335932,wapp.20151130.a2982.0024,""" """,""" """,1,n,4,-1.38433,1,H3,1.14439,0,0,0,0,0,0,Y,
124906,S024812.5+341202,024812.5+341202,wapp.20161012.a3064.0007,""" """,""" """,1,d,2,-4.459,1,H3,0.956664,2P,141.78894,3.624936,5031.1423,0.63862214,9.3867686,Y,"signal is unaffected by gps, clearly two horned, also, this wappfile doesn't match source name, matches 'S024507.1+330208'"
124906,S024812.5+341202,024812.5+341202,wapp.20161012.a3064.0007,""" """,""" """,1,n,1,-1.00302,0,H3,0.990091,0,0,0,0,0,0,Y,
124906,S024812.5+341202,024812.5+341202,wapp.20161012.a3064.0007,""" """,""" """,1,n,3,-4.75738,1,H3,1.03479,0,0,0,0,0,0,Y,
124906,S024812.5+341202,024812.5+341202,wapp.20161012.a3064.0007,""" """,""" """,1,n,4,-9.11479,0,H3,1.18384,0,0,0,0,0,0,Y,
124903,S024822.4+340612,024822.4+340612,wapp.20161017.a3064.0008,""" """,""" """,1,d,2,7.77407,1,H3,1.05471,2P,92.86047,3.7964059,5138.9499,0.7280835,11.810042,Y,"gps has miniscule effect on detection, large spike "
124903,S024822.4+340612,024822.4+340612,wapp.20161017.a3064.0008,""" """,""" """,1,n,1,4.8306,1,H3,1.01356,0,0,0,0,0,0,Y,
124903,S024822.4+340612,024822.4+340612,wapp.20161017.a3064.0008,""" """,""" """,1,n,3,1.58785,1,H3,1.0677,0,0,0,0,0,0,Y,gps taken out
124903,S024822.4+340612,024822.4+340612,wapp.20161017.a3064.0008,""" """,""" """,1,n,4,8.02146,2,H3,1.12697,0,0,0,0,0,0,Y,
124768,S024944.8+350424,024944.8+350424,wapp.20161014.a3064.0007,""" """,""" """,1,d?,3,-0.462747,3,H3,1.21632,0,0,0,0,0,0,U,There looks to be a detection but it is too close to the edge to measure
124768,S024944.8+350424,024944.8+350424,wapp.20161014.a3064.0007,""" """,""" """,1,n,1,0.762992,1,H3,1.05349,0,0,0,0,0,0,Y,
124768,S024944.8+350424,024944.8+350424,wapp.20161014.a3064.0007,""" """,""" """,1,n,2,-5.79512,1,H3,1.12609,0,0,0,0,0,0,Y,
124768,S024944.8+350424,024944.8+350424,wapp.20161014.a3064.0007,""" """,""" """,1,n,4,-0.90322,0,H3,1.18341,0,0,0,0,0,0,Y,
125512,S025003.3+350443,02503.3+350443,wapp.20161120.a3064.0024,wapp.20161030.a3064.0003,wapp.20161016.a3064.0005,3,n,2,0.747749,0,H3,0.637716,0,0,0,0,0,0,U,"took out gps, no clear detection, sharp spike in off direction near 7000 km/s"
125512,S025003.3+350443,02503.3+350443,wapp.20161120.a3064.0024,wapp.20161030.a3064.0003,wapp.20161016.a3064.0005,3,n,1,1.55421,1,H3,0.533884,0,0,0,0,0,0,Y,bigger signal in the off 
125512,S025003.3+350443,02503.3+350443,wapp.20161120.a3064.0024,wapp.20161030.a3064.0003,wapp.20161016.a3064.0005,3,n,3,3.5787,3,H3,0.660325,0,0,0,0,0,0,Y,"take gps out of the first wappfile, and second wappfile, and the third board, there is a spike at 8.5*10^4 ???"
125512,S025003.3+350443,02503.3+350443,wapp.20161120.a3064.0024,wapp.20161030.a3064.0003,wapp.20161016.a3064.0005,3,n,4,4.07572,3,H3,0.588971,0,0,0,0,0,0,Y,
124769,S025004.7+350632,02504.7+350632,wapp.20151130.a2982.0025,""" """,""" """,1,d,3,-5.6621,0,H3,1.08601,2P,51.537439,3.4188936,8468.6854,0.28344007,6.0817236,Y,sharp emission high above the noise
124769,S025004.7+350632,02504.7+350632,wapp.20151130.a2982.0025,""" """,""" """,1,n,1,-2.92313,1,H3,1.04646,0,0,0,0,0,0,Y,
124769,S025004.7+350632,02504.7+350632,wapp.20151130.a2982.0025,""" """,""" """,1,n,2,-4.00955,1,H3,1.04273,0,0,0,0,0,0,Y,
124769,S025004.7+350632,02504.7+350632,wapp.20151130.a2982.0025,""" """,""" """,1,n,4,-0.0785348,2,H3,1.07328,0,0,0,0,0,0,Y,
125519,S025014.6+344254,025014.6+344254,wapp.20161016.a3064.0006,""" """,""" """,1,n,1,7.9181,0,H3,1.08462,0,0,0,0,0,0,Y,0
125519,S025014.6+344254,025014.6+344254,wapp.20161016.a3064.0006,""" """,""" """,1,d?,2,8.40189,2,H3,1.13882,0,0,0,0,0,0,U,"gps taken out even though it has only a tiny effect on the continum, it looks like there could be a detection in the off direction "
125519,S025014.6+344254,025014.6+344254,wapp.20161016.a3064.0006,""" """,""" """,1,n,3,7.51329,1,H3,1.32619,0,0,0,0,0,0,Y,gps taken out
125519,S025014.6+344254,025014.6+344254,wapp.20161016.a3064.0006,""" """,""" """,1,n,4,5.30684,2,H3,1.32015,0,0,0,0,0,0,Y,
125517,S025049.6+345840,025049.6+345840,wapp.20161121.a3064.0027,""" """,""" """,1,n,1,0.894718,1,H3,1.11556,0,0,0,0,0,0,Y,
125517,S025049.6+345840,025049.6+345840,wapp.20161121.a3064.0027,""" """,""" """,1,n,2,-0.770342,1,H3,1.09644,0,0,0,0,0,0,Y,another spike around 7000 km/s
125517,S025049.6+345840,025049.6+345840,wapp.20161121.a3064.0027,""" """,""" """,1,n,3,-0.363807,2,H3,1.10465,0,0,0,0,0,0,Y,gps has minimal effect
125517,S025049.6+345840,025049.6+345840,wapp.20161121.a3064.0027,""" """,""" """,1,n,4,0.861647,2,H3,1.08493,0,0,0,0,0,0,Y,
125516,S025057.0+350405,025057.0+350405,wapp.20161016.a3064.0008,wapp.20161016.a3064.0007,""" """,2,d,2,3.72104,0,H3,0.714845,2P,123.92,3.73,5393,0.128,2.65126,U,board 2 was much clearer than board three
125516,S025057.0+350405,025057.0+350405,wapp.20161016.a3064.0008,wapp.20161016.a3064.0007,""" """,2,n,1,3.61017,0,H3,0.601646,0,0,0,0,0,0,Y,
125516,S025057.0+350405,025057.0+350405,wapp.20161016.a3064.0008,wapp.20161016.a3064.0007,""" """,2,n,3,1.65024,1,H3,0.652796,0,0,0,0,0,0,Y,board 2 and board 3 need the gps taken out in the second wappfile
125516,S025057.0+350405,025057.0+350405,wapp.20161016.a3064.0008,wapp.20161016.a3064.0007,""" """,2,n,4,0.294085,0,H3,0.614893,0,0,0,0,0,0,Y,
125515,S025100.9+353439,02510.9+353439,wapp.20161014.a3064.0008,""" """,""" """,1,n,1,-1.96311,1,H3,1.06835,0,0,0,0,0,0,U,Maybe I should have removed gps
125515,S025100.9+353439,02510.9+353439,wapp.20161014.a3064.0008,""" """,""" """,1,d,2,-0.0168508,1,H3,2.22722,2P,116.89628,5.5916578,6496.0259,0.64556034,4.4196689,U,"I took out the gps and this seemed to be the most signifcant spike on the whole continum, rms is very large"
125515,S025100.9+353439,0251 0.9+353439,wapp.20161014.a3064.0008,""" """,""" """,1,n,3,-4.43363,0,H3,2.69426,0,0,0,0,0,0,U,took out the gps and the rms is huge again
125515,S025100.9+353439,02510.9+353439,wapp.20161014.a3064.0008,""" """,""" """,1,n,4,-3.80047,2,H3,2.72151,0,0,0,0,0,0,U,every single rms basically is enormous
125514,S025113.2+353230,025113.2+353230,wapp.20161016.a3064.0009,""" """,""" """,1,n,1,3.4607,1,H3,1.07802,0,0,0,0,0,0,Y,0
125514,S025113.2+353230,025113.2+353230,wapp.20161016.a3064.0009,""" """,""" """,1,n,2,3.59746,2,H3,1.07109,0,0,0,0,0,0,Y,
125514,S025113.2+353230,025113.2+353230,wapp.20161016.a3064.0009,""" """,""" """,1,d?,3,4.82123,1,H3,1.21033,0,0,0,0,0,0,Y,there looks to be a detection in the off direction so I cannot do it 
125514,S025113.2+353230,025113.2+353230,wapp.20161016.a3064.0009,""" """,""" """,1,n,4,0.811378,0,H3,1.09177,0,0,0,0,0,0,Y,
125513,S025128.1+353104,025128.1+353104,wapp.20161118.a3064.0011,wapp.20161024.a3064.0003,""" """,2,n,3,-2.35271,0,H3,0.769515,2P,0,0,0,0,0,U,"I tried board 2 and 3 and took data from them, I thought board 3 had a more significant RFI"
125513,S025128.1+353104,025128.1+353104,wapp.20161118.a3064.0011,wapp.20161024.a3064.0003,""" """,2,n,1,-0.224668,1,H3,0.648296,0,0,0,0,0,0,Y,
125513,S025128.1+353104,025128.1+353104,wapp.20161118.a3064.0011,wapp.20161024.a3064.0003,""" """,2,n,2,-1.07497,1,H3,0.672857,0,0,0,0,0,0,Y,"spike found 7000 km/s, in the on direction"
125513,S025128.1+353104,025128.1+353104,wapp.20161118.a3064.0011,wapp.20161024.a3064.0003,""" """,2,n,4,-0.399986,4,H3,0.754699,0,0,0,0,0,0,Y,
124615,S025211.8+350043,025211.8+350043,wapp.20161012.a3064.0008,""" """,""" """,1,n,2,-17.4737,2,H3,1.44473,0,0,0,0,0,0,U,"I took away the gps, this is really S024619.6+335513"
124615,S025211.8+350043,025211.8+350043,wapp.20161012.a3064.0008,""" """,""" """,1,n,1,-12.3934,2,H3,1.04815,0,0,0,0,0,0,Y,
124615,S025211.8+350043,025211.8+350043,wapp.20161012.a3064.0008,""" """,""" """,1,n,3,-14.9928,1,H3,1.54309,0,0,0,0,0,0,U,very spikey in certain areas
124615,S025211.8+350043,025211.8+350043,wapp.20161012.a3064.0008,""" """,""" """,1,n,4,-16.8115,0,H3,1.11954,0,0,0,0,0,0,Y,
124616,S025245.4+350519,025245.4+350519,wapp.20161024.a3064.0004,""" """,""" """,1,n,1,0.84026,1,H3,1.73645,0,0,0,0,0,0,Y,took away gps
124616,S025245.4+350519,025245.4+350519,wapp.20161024.a3064.0004,""" """,""" """,1,n,2,-6.29492,1,H3,1.57235,0,0,0,0,0,0,U,"took away gps, could be possible detection but idk, also big spike again at 7000 km/s"
124616,S025245.4+350519,025245.4+350519,wapp.20161024.a3064.0004,""" """,""" """,1,n,3,-5.10979,6,H3,1.5396,0,0,0,0,0,0,U,"took away gps, still very chaotic"
124616,S025245.4+350519,025245.4+350519,wapp.20161024.a3064.0004,""" """,""" """,1,n,4,-1.54605,4,H3,1.56783,0,0,0,0,0,0,U,"took away gps, such high rms values"
124763,S025311.0+343447,025311.0+343447,wapp.20161029.a3064.0000,wapp.20161029.a3064.0001,""" """,2,n,2,-7.55596,0,H3,0.715483,2P,0,0,0,0,0,U,huge emission in the on at 7000 km/s
124763,S025311.0+343447,025311.0+343447,wapp.20161029.a3064.0000,wapp.20161029.a3064.0001,""" """,2,n,1,-10.7486,1,H3,0.580472,0,0,0,0,0,0,Y,
124763,S025311.0+343447,025311.0+343447,wapp.20161029.a3064.0000,wapp.20161029.a3064.0001,""" """,2,n,3,-4.45182,0,H3,0.640163,0,0,0,0,0,0,Y,took out the gps on the first wappfile
124763,S025311.0+343447,025311.0+343447,wapp.20161029.a3064.0000,wapp.20161029.a3064.0001,""" """,2,n,4,-6.92216,1,H3,0.65932,0,0,0,0,0,0,Y,
125526,S025407.9+345755,0254 7.9+345755,wapp.20161124.a3064.0024,wapp.20161121.a3064.0028,""" """,2,d,2,-0.662438,0,H3,0.689202,2P,122.12228,2.1346737,5182.0046,0.35829258,7.7557831,Y,"This was a clear double horned profile, I did not bother doing the baseline or anything for board 3"
125526,S025407.9+345755,0254 7.9+345755,wapp.20161124.a3064.0024,wapp.20161121.a3064.0028,""" """,2,n,1,-3.21148,2,H3,0.589405,0,0,0,0,0,0,Y,
125526,S025407.9+345755,0254 7.9+345755,wapp.20161124.a3064.0024,wapp.20161121.a3064.0028,""" """,2,n,3,-3.97211,2,H3,0.715089,0,0,0,0,0,0,Y,take the gps out of the first wappfile
125526,S025407.9+345755,0254 7.9+345755,wapp.20161124.a3064.0024,wapp.20161121.a3064.0028,""" """,2,n,4,-3.96881,0,H3,0.650828,0,0,0,0,0,0,Y,
124619,S025619.9+340251,025619.9+340251,wapp.20151007.a2982.0011,""" """,""" """,1,d,2,-4.57062,0,H3,0.975501,2P,60.929379,2.0117702,5053.9211,0.9905784,21.446763,Y,"RA: 44.0833, DEC:34.0475, viewing this on SDSS, it is not an elliptical galaxy, probably more 2 horned than gaussian, it is a huge emission though  "
124619,S025619.9+340251,025619.9+340251,wapp.20151007.a2982.0011,""" """,""" """,1,n,1,-5.00345,1,H3,1.08815,0,0,0,0,0,0,Y,
124619,S025619.9+340251,025619.9+340251,wapp.20151007.a2982.0011,""" """,""" """,1,n,3,-4.4974,1,H3,1.68912,0,0,0,0,0,0,Y,had to take out gps
124619,S025619.9+340251,025619.9+340251,wapp.20151007.a2982.0011,""" """,""" """,1,n,4,-7.61755,4,H3,1.0985,0,0,0,0,0,0,Y,
124878,S025800.0+351055,0258 0.0+351055,wapp.20161121.a3064.0029,wapp.20161117.a3064.0027,""" """,2,n,3,-8.26569,0,H3,0.862248,2P,0,0,0,0,0,U,"Both 3 and 2 had emissions that could pass for signifcant, much too noisy for a real signal"
124878,S025800.0+351055,0258 0.0+351055,wapp.20161121.a3064.0029,wapp.20161117.a3064.0027,""" """,2,n,1,-7.70253,1,H3,0.619132,0,0,0,0,0,0,Y,
124878,S025800.0+351055,0258 0.0+351055,wapp.20161121.a3064.0029,wapp.20161117.a3064.0027,""" """,2,n,2,-9.66688,2,H3,0.601403,0,0,0,0,0,0,Y,spike at 7000 km/s in the off direction
124878,S025800.0+351055,0258 0.0+351055,wapp.20161121.a3064.0029,wapp.20161117.a3064.0027,""" """,2,n,4,-7.30102,1,H3,0.72636,0,0,0,0,0,0,Y,
124777,S025858.6+351645,025858.6+351645,wapp.20151130.a2982.0026,""" """,""" """,1,d,2,-8.71815,1,H3,1.10557,2P,115.49544,4.9829309,5105.0161,0.36076321,5.0059529,Y,very clear RFI
124777,S025858.6+351645,025858.6+351645,wapp.20151130.a2982.0026,""" """,""" """,1,n,1,-6.48675,1,H3,1.02547,0,0,0,0,0,0,Y,
124777,S025858.6+351645,025858.6+351645,wapp.20151130.a2982.0026,""" """,""" """,1,n,3,-7.98092,2,H3,1.09213,0,0,0,0,0,0,Y,
124777,S025858.6+351645,025858.6+351645,wapp.20151130.a2982.0026,""" """,""" """,1,n,4,-9.87191,0,H3,1.0948,0,0,0,0,0,0,Y,
124773,S025912.0+345929,025912.0+345929,wapp.20161116.a3064.0029,wapp.20141127.a2899.0026,""" """,2,d,2,-6.80571,0,H3,0.694068,2P,50.348347,2.6776229,4897.0138,0.13388131,4.4818134,U,can see detection but pretty noisy around it 
124773,S025912.0+345929,025912.0+345929,wapp.20161116.a3064.0029,wapp.20141127.a2899.0026,""" """,2,n,1,-3.81812,2,H3,0.5566,0,0,0,0,0,0,Y,
124773,S025912.0+345929,025912.0+345929,wapp.20161116.a3064.0029,wapp.20141127.a2899.0026,""" """,2,n,3,705.069,3,H3,4.26031,0,0,0,0,0,0,U,something very weird is happening in board three that i have never seen before in the 2nd one around 1.11*10^4
124773,S025912.0+345929,025912.0+345929,wapp.20161116.a3064.0029,wapp.20141127.a2899.0026,""" """,2,n,4,-8.91682,3,H3,0.701397,0,0,0,0,0,0,U,
132273,S030001.2+351738,0300 1.2+351738,wapp.20161110.a3064.0000,""" """,""" """,1,n,1,4.06206,1,H3,1.10184,0,0,0,0,0,0,Y,0
132273,S030001.2+351738,0300 1.2+351738,wapp.20161110.a3064.0000,""" """,""" """,1,n,2,3.31654,1,H3,1.1573,0,0,0,0,0,0,Y,very noisy
132273,S030001.2+351738,0300 1.2+351738,wapp.20161110.a3064.0000,""" """,""" """,1,n,3,4.08004,1,H3,1.14541,0,0,0,0,0,0,Y,still very noisy
132273,S030001.2+351738,0300 1.2+351738,wapp.20161110.a3064.0000,""" """,""" """,1,n,4,7.49963,1,H3,1.26857,0,0,0,0,0,0,Y,
132274,S030200.2+350849,0302 0.2+350849,wapp.20161029.a3064.0002,""" """,""" """,1,n,1,108.76,0,H3,1.22714,0,0,0,0,0,0,y,there is way too much gps interference 
132274,S030200.2+350849,0302 0.2+350849,wapp.20161029.a3064.0002,""" """,""" """,1,n,2,115.367,4,H3,2.45888,0,0,0,0,0,0,U,"huge rms but it is a erratic and slopes at a downward angle, took out gps "
132274,S030200.2+350849,0302 0.2+350849,wapp.20161029.a3064.0002,""" """,""" """,1,n,3,106.191,1,H3,2.60085,0,0,0,0,0,0,U,"another big rms, took out gps "
132274,S030200.2+350849,0302 0.2+350849,wapp.20161029.a3064.0002,""" """,""" """,1,n,4,119.146,4,H3,2.34676,0,0,0,0,0,0,Y,
131430,S030248.5+350443,030247.9+350428,wapp.20161120.a3064.0025,wapp.20161029.a3064.0003,wapp.20161012.a3064.0010,3,d,2,-9.84521,0,H3,0.663823,2P,76.830485,10.790605,4866.3401,0.10323631,2.925114,U,"This maybe be a little more wider than it is supposed to be because of the spikes around the emission, this is really S030247.9+350428"
131430,S030248.5+350443,030247.9+350428,wapp.20161120.a3064.0025,wapp.20161029.a3064.0003,wapp.20161012.a3064.0010,3,n,1,-4.32245,2,H3,0.544302,0,0,0,0,0,0,Y,
131430,S030248.5+350443,030247.9+350428,wapp.20161120.a3064.0025,wapp.20161029.a3064.0003,wapp.20161012.a3064.0010,3,n,3,-4.79266,3,H3,0.53378,0,0,0,0,0,0,Y,take gps out of first wappfile
131430,S030248.5+350443,030247.9+350428,wapp.20161120.a3064.0025,wapp.20161029.a3064.0003,wapp.20161012.a3064.0010,3,n,4,-7.15223,1,H3,0.609595,0,0,0,0,0,0,Y,
132284,S030317.9+350214,030317.9+350214,wapp.20161114.a3064.0024,wapp.20161014.a3064.0009,""" """,2,n,1,-1.26577,0,H3,0.58048,0,0,0,0,0,0,Y,
132284,S030317.9+350214,030317.9+350214,wapp.20161114.a3064.0024,wapp.20161014.a3064.0009,""" """,2,n,2,0.175417,2,H3,0.849063,0,0,0,0,0,0,Y,"take out gps of first wappfile, spike at 7000 in the off direction"
132284,S030317.9+350214,030317.9+350214,wapp.20161114.a3064.0024,wapp.20161014.a3064.0009,""" """,2,n,3,0.928789,3,H3,0.822504,0,0,0,0,0,0,Y,take out gps of first wappfile
132284,S030317.9+350214,030317.9+350214,wapp.20161114.a3064.0024,wapp.20161014.a3064.0009,""" """,2,n,4,-1.54822,3,H3,0.70745,0,0,0,0,0,0,Y,
132283,S030352.5+353453,030352.5+353453,wapp.20161124.a3064.0025,wapp.20161029.a3064.0004,""" """,2,n,3,-8.25185,0,H3,0.813387,0,0,0,0,0,0,N,Board three had an emission but it was thin is a noisy set of data so I don't think this observation is worth anything 
132283,S030352.5+353453,030352.5+353453,wapp.20161124.a3064.0025,wapp.20161029.a3064.0004,""" """,2,n,1,-5.49432,1,H3,0.661161,0,0,0,0,0,0,Y,
132283,S030352.5+353453,030352.5+353453,wapp.20161124.a3064.0025,wapp.20161029.a3064.0004,""" """,2,n,2,-2.96926,0,H3,0.674849,0,0,0,0,0,0,Y,big emission in the off direction around 7000
132283,S030352.5+353453,030352.5+353453,wapp.20161124.a3064.0025,wapp.20161029.a3064.0004,""" """,2,n,4,-3.52379,1,H3,0.729904,0,0,0,0,0,0,Y,
132176,S030412.2+353044,030412.2+353044,wapp.20161012.a3064.0009,""" """,""" """,1,d,2,36.4592,1,H3,1.03073,2P,110.92163,15.826121,4816.1031,0.173,2.6273719,U,"can see detection but before baseline it is erratic in shape, this is really S025236.9+332222"
132176,S030412.2+353044,030412.2+353044,wapp.20161012.a3064.0009,""" """,""" """,1,n,1,32.6265,2,H3,1.01042,0,0,0,0,0,0,Y,
132176,S030412.2+353044,030412.2+353044,wapp.20161012.a3064.0009,""" """,""" """,1,n,3,40.114,2,H3,1.09562,0,0,0,0,0,0,Y,
132176,S030412.2+353044,030412.2+353044,wapp.20161012.a3064.0009,""" """,""" """,1,n,4,42.4334,1,H3,1.13967,0,0,0,0,0,0,Y,it looks different from the rest of board 4s
132283,S030352.5+353453,030352.5+353453,wapp.20161114.a3064.0025,wapp.20161024.a3064.0005,""" """,2,n,2,-13.7258,0,H3,0.825186,0,0,0,0,0,0,U,"very noisy, big spike in the off towards 7000 km/s"
132283,S030352.5+353453,030352.5+353453,wapp.20161114.a3064.0025,wapp.20161024.a3064.0005,""" """,2,n,1,-9.92556,2,H3,0.612017,0,0,0,0,0,0,Y,
132283,S030352.5+353453,030352.5+353453,wapp.20161114.a3064.0025,wapp.20161024.a3064.0005,""" """,2,n,3,-10.6644,2,H3,0.701065,0,0,0,0,0,0,,"take gps out of the first wappfile of this board, slopes downward"
132283,S030352.5+353453,030352.5+353453,wapp.20161114.a3064.0025,wapp.20161024.a3064.0005,""" """,2,n,4,-11.0007,0,H3,0.892719,0,0,0,0,0,0,Y,
132243,H030510.4+354946,030510.4+354946,wapp.20161111.a3064.0000,""" """,""" """,1,d,2,-4.2946,2,H3,1.57385,2P,85.44501,4.2038403,3828.1754,1.0945666,12.403953,Y,There is another huge spike around 7000 km/s why is that?
132243,H030510.4+354946,030510.4+354946,wapp.20161111.a3064.0000,""" """,""" """,1,n,1,0.883822,1,H3,1.58964,0,0,0,0,0,0,Y,
132243,H030510.4+354946,030510.4+354946,wapp.20161111.a3064.0000,""" """,""" """,1,n,3,15.3573,2,H3,1.522635,0,0,0,0,0,0,Y,
132243,H030510.4+354946,030510.4+354946,wapp.20161111.a3064.0000,""" """,""" """,1,n,4,-5.11833,2,H3,2.00272,0,0,0,0,0,0,U,big rms 